{"position": [2055, 2117, 2086, 1972, 2048, 2070, 2048, 2002], "angles_deg": [0.615234375, 6.064453125, 3.33984375, -6.6796875, 0.0, 1.93359375, 0.0, -4.04296875]}